<beans xmlns="http://www.springframework.org/schema/beans"
       xmlns:xsi="http://www.w3.org/2001/XMLSchema-instance"
       xmlns:gfe="http://www.springframework.org/schema/gemfire"
       xsi:schemaLocation="
        http://www.springframework.org/schema/beans http://www.springframework.org/schema/beans/spring-beans.xsd
        http://www.springframework.org/schema/gemfire http://www.springframework.org/schema/gemfire/spring-gemfire-1.1.xsd">


    <gfe:client-cache  id="gemfire-cache" pool-name="pool1"  />

    <gfe:pool server-group="testGroup1"  id="pool1" >
        <gfe:server host="localhost" port="40406" />
    </gfe:pool>


    <gfe:client-region  cache-ref="gemfire-cache" data-policy="NORMAL"  id="replicatedRegion" >
        <gfe:cache-listener ref="listner" />
    </gfe:client-region  >



    <bean class="com.test.gemfire.examples.simpleClientExample.ClientCacheListner" id="listner" />

   <!-- <bean class="org.springframework.beans.factory.config.PropertyPlaceholderConfigurer">
        <property name="systemPropertiesModeName">
            <value1>SYSTEM_PROPERTIES_MODE_OVERRIDE</value1>
        </property>
        <property name="locations">
            <list>
                <value1>classpath:gemfire.properties</value1>
            </list>
        </property>
        <property name="ignoreUnresolvablePlaceholders" value1="true"/>
    </bean>

   <bean id="gemfireProperties" class="org.springframework.beans.factory.config.PropertiesFactoryBean">
        <property name="ignoreResourceNotFound">
            <value1>true</value1>
        </property>

        <property name="locations">
            <list>
                <value1>customPersonalPartion/server1.properties</value1>
            </list>
        </property>

    </bean> -->

</beans>