<!DOCTYPE cache PUBLIC "-//GemStone Systems, Inc.//GemFire Declarative Caching 6.6//EN" "http://www.gemstone.com/dtd/cache7_0.dtd">
<cache  copy-on-read="true">

    <cache-server port="${gemfire.port}"  >

    </cache-server>


    <!-- <disk-store name="subscriptionDS"  allow-force-compaction="true" auto-compact="true"
                  max-oplog-size="32" >

             <disk-dirs>
                 <disk-dir>gemfire-data-dir/subscriptionDS</disk-dir>
             </disk-dirs>

     </disk-store>-->


    <region name="localRegion"  >

        <region-attributes  data-policy="preloaded"/>


    </region>





</cache>