<!DOCTYPE client-cache PUBLIC "-//GemStone Systems, Inc.//GemFire Declarative Caching 6.6//EN" "http://www.gemstone.com/dtd/cache7_0.dtd">

<client-cache>



    <pool multiuser-authentication="true"  name="serverPool">
        <locator host="localhost" port="40402"/>
    </pool>

    <pdx read-serialized="true" />


    <region  refid="PROXY" name="replicatedRegionNew" >
        <region-attributes pool-name="serverPool" />
    </region>

    <region  refid="PROXY"   name="replicatedRegion" >
        <region-attributes   data-policy="empty" pool-name="serverPool" />
    </region>




</client-cache>