<!DOCTYPE cache PUBLIC "-//GemStone Systems, Inc.//GemFire Declarative Caching 6.6//EN" "http://www.gemstone.com/dtd/cache7_0.dtd">
<cache  copy-on-read="true">

    <cache-server port="${gemfire.port}"  >

    </cache-server>


    <!-- <disk-store name="subscriptionDS"  allow-force-compaction="true" auto-compact="true"
                  max-oplog-size="32" >

             <disk-dirs>
                 <disk-dir>gemfire-data-dir/subscriptionDS</disk-dir>
             </disk-dirs>

     </disk-store>-->


    <region name="partitionRegion"  >

        <region-attributes   data-policy="partition">
            <partition-attributes  redundant-copies="0" >

            </partition-attributes>
            <subscription-attributes interest-policy="all" />
            <cache-writer>
                <class-name>com.test.gemfire.examples.p2pCacheListnerPartioned.P2PCacheWriter</class-name>
            </cache-writer>

            <cache-listener>
                <class-name>com.test.gemfire.examples.p2pCacheListnerPartioned.P2PCacheListner</class-name>
                <parameter name="dummyParam">
                    <string>dummy</string>
                </parameter>
            </cache-listener>
                   </region-attributes>



    </region>





</cache>