<beans xmlns="http://www.springframework.org/schema/beans"
       xmlns:xsi="http://www.w3.org/2001/XMLSchema-instance"
       xmlns:gfe="http://www.springframework.org/schema/gemfire"
       xsi:schemaLocation="
        http://www.springframework.org/schema/beans http://www.springframework.org/schema/beans/spring-beans.xsd
        http://www.springframework.org/schema/gemfire http://www.springframework.org/schema/gemfire/spring-gemfire-1.1.xsd">


    <gfe:cache-server  cache-ref="testCache"  port="#{systemProperties['port1']}"   />

    <gfe:cache  id="testCache" />

    <gfe:partitioned-region   id="customerPartition"  copies="1" name="customerParitionRegion" persistent="true">
        <entry>
            <key>
                <string>java.lang.String</string>
            </key>
            <value1>
                <declarable>
                    <class-name>com.test.gemfire.examples.customPersonalPartion.Customer</class-name>
                </declarable>
            </value1>
        </entry>
        <gfe:eviction type="HEAP_PERCENTAGE" action="OVERFLOW_TO_DISK" threshold="50">

        </gfe:eviction>


    </gfe:partitioned-region>



   <!-- <bean class="org.springframework.beans.factory.config.PropertyPlaceholderConfigurer">
        <property name="systemPropertiesModeName">
            <value1>SYSTEM_PROPERTIES_MODE_OVERRIDE</value1>
        </property>
        <property name="locations">
            <list>
                <value1>classpath:gemfire.properties</value1>
            </list>
        </property>
        <property name="ignoreUnresolvablePlaceholders" value1="true"/>
    </bean>

   <bean id="gemfireProperties" class="org.springframework.beans.factory.config.PropertiesFactoryBean">
        <property name="ignoreResourceNotFound">
            <value1>true</value1>
        </property>

        <property name="locations">
            <list>
                <value1>customPersonalPartion/server1.properties</value1>
            </list>
        </property>

    </bean> -->

</beans>