<beans xmlns="http://www.springframework.org/schema/beans"
       xmlns:xsi="http://www.w3.org/2001/XMLSchema-instance"
       xmlns:gfe="http://www.springframework.org/schema/gemfire"
       xsi:schemaLocation="
        http://www.springframework.org/schema/beans http://www.springframework.org/schema/beans/spring-beans.xsd
        http://www.springframework.org/schema/gemfire http://www.springframework.org/schema/gemfire/spring-gemfire.xsd">


    <gfe:cache  cache-xml-location="classpath:cache-1.xml"  />


   <!-- <bean class="org.springframework.beans.factory.config.PropertyPlaceholderConfigurer">
        <property name="systemPropertiesModeName">
            <value1>SYSTEM_PROPERTIES_MODE_OVERRIDE</value1>
        </property>
        <property name="locations">
            <list>
                <value1>classpath:gemfire.properties</value1>
            </list>
        </property>
        <property name="ignoreUnresolvablePlaceholders" value1="true"/>
    </bean>

   <bean id="gemfireProperties" class="org.springframework.beans.factory.config.PropertiesFactoryBean">
        <property name="ignoreResourceNotFound">
            <value1>true</value1>
        </property>

        <property name="locations">
            <list>
                <value1>classpath:gemfire.properties</value1>
            </list>
        </property>

    </bean> -->

</beans>