<!DOCTYPE cache PUBLIC "-//GemStone Systems, Inc.//GemFire Declarative Caching 6.6//EN" "http://www.gemstone.com/dtd/cache7_0.dtd">
<cache  copy-on-read="true">

        <cache-server  hostname-for-clients="abhijeet" port="${port}">
             <group>${group}</group>
                <!-- <client-subscription eviction-policy="mem" capacity="2"  disk-store-name="subscriptionDS" /> -->
        </cache-server>


        <disk-store name="subscriptionDS"  allow-force-compaction="true" auto-compact="true"
                     max-oplog-size="32" >

                <disk-dirs>
                    <disk-dir>gemfire-data-dir/subscriptionDS</disk-dir>
                </disk-dirs>

        </disk-store>





       <region  name="testRegion1">
            <region-attributes  >
                <entry-time-to-live>
                    <expiration-attributes  timeout="100000"></expiration-attributes>
                </entry-time-to-live>
                <eviction-attributes>
                    <lru-entry-count action="overflow-to-disk" maximum="20" />

                </eviction-attributes>


            </region-attributes>

       </region>

</cache>