<!DOCTYPE cache PUBLIC "-//GemStone Systems, Inc.//GemFire Declarative Caching 6.6//EN" "http://www.gemstone.com/dtd/cache7_0.dtd">
<cache  copy-on-read="true">

    <cache-server port="${gemfire.port}"  >

    </cache-server>


    <!-- <disk-store name="subscriptionDS"  allow-force-compaction="true" auto-compact="true"
                  max-oplog-size="32" >

             <disk-dirs>
                 <disk-dir>gemfire-data-dir/subscriptionDS</disk-dir>
             </disk-dirs>

     </disk-store>-->


    <region name="replicatedRegion"  >

        <region-attributes index-update-type="synchronous" data-policy="preloaded" scope="distributed-ack" refid="REPLICATE">
            
        </region-attributes>

        <index name="name"  from-clause="/replicatedRegion" expression="name" />
        <index name="firstLine" from-clause="/replicatedRegion enteries" expression="enteries.getAddress.getFirstLine" />
        <index name="id" key-index="true" expression="employeeId" />


    </region>





</cache>